/*USER SAMPLE*/

/*ADMIN*/
insert into user(username, email, createDate, password, phoneNumber, role, loginType)
values('admin1', 'ji_euni@naver.com', now(), '$2a$12$HFJII9Y8xTiWW0n4YOBWQew7CmBzCvD6r0ApzEJRlpWY3v3Fb8Srq', '010-1234-5678', 'ADMIN', 'CLICKGO');

insert into user(username, email, createDate, password, phoneNumber, role, loginType)
values('admin2', 'rnlduadl2000@naver.com', now(), '$2a$12$HFJII9Y8xTiWW0n4YOBWQew7CmBzCvD6r0ApzEJRlpWY3v3Fb8Srq', '010-5678-5678', 'ADMIN', 'CLICKGO');

insert into user(username, email, createDate, password, phoneNumber, role, loginType)
values('admin3', 'bongbongbong0331@gmail.com', now(), '$2a$12$HFJII9Y8xTiWW0n4YOBWQew7CmBzCvD6r0ApzEJRlpWY3v3Fb8Srq', '010-1234-1234', 'ADMIN', 'CLICKGO');

insert into user(username, email, createDate, password, phoneNumber, role, loginType)
values('admin4', 'whwlgns42@kakao.com', now(), '$2a$12$HFJII9Y8xTiWW0n4YOBWQew7CmBzCvD6r0ApzEJRlpWY3v3Fb8Srq', '010-5678-1234', 'ADMIN', 'CLICKGO');

insert into user(username, email, createDate, password, phoneNumber, role, loginType)
values('admin5', '55555@naver.comm', now(), '$2a$12$HFJII9Y8xTiWW0n4YOBWQew7CmBzCvD6r0ApzEJRlpWY3v3Fb8Srq', '010-1234-5678', 'ADMIN', 'CLICKGO');

insert into user(username, email, createDate, password, phoneNumber, role, loginType)
values('admin6', '66666@kakao.com', now(), '$2a$12$HFJII9Y8xTiWW0n4YOBWQew7CmBzCvD6r0ApzEJRlpWY3v3Fb8Srq', '010-5678-5678', 'ADMIN', 'CLICKGO');

insert into user(username, email, createDate, password, phoneNumber, role, loginType)
values('admin7', '77777@kakao.com', now(), '$2a$12$HFJII9Y8xTiWW0n4YOBWQew7CmBzCvD6r0ApzEJRlpWY3v3Fb8Srq', '010-1234-1234', 'ADMIN', 'CLICKGO');

insert into user(username, email, createDate, password, phoneNumber, role, loginType)
values('admin8', '88888@kakao.com', now(), '$2a$12$HFJII9Y8xTiWW0n4YOBWQew7CmBzCvD6r0ApzEJRlpWY3v3Fb8Srq', '010-5678-1234', 'ADMIN', 'CLICKGO');

insert into user(username, email, createDate, password, phoneNumber, role, loginType)
values('admin9', '99999@kakao.com', now(), '$2a$12$HFJII9Y8xTiWW0n4YOBWQew7CmBzCvD6r0ApzEJRlpWY3v3Fb8Srq', '010-5678-1234', 'ADMIN', 'CLICKGO');

insert into user(username, email, createDate, password, phoneNumber, role, loginType)
values('admin10', '101010@kakao.com', now(), '$2a$12$HFJII9Y8xTiWW0n4YOBWQew7CmBzCvD6r0ApzEJRlpWY3v3Fb8Srq', '010-5678-1234', 'ADMIN', 'CLICKGO');


/*HOST*/
insert into user(username, email, createDate, password, phoneNumber, role, loginType)
values('host1', '11@naver.com', now(), '$2a$12$HFJII9Y8xTiWW0n4YOBWQew7CmBzCvD6r0ApzEJRlpWY3v3Fb8Srq', '010-6485-4454', 'HOST', 'CLICKGO');

insert into user(username, email, createDate, password, phoneNumber, role, loginType)
values('host2', '12@naver.com', now(), '$2a$12$HFJII9Y8xTiWW0n4YOBWQew7CmBzCvD6r0ApzEJRlpWY3v3Fb8Srq', '010-8674-8791', 'HOST', 'CLICKGO');

insert into user(username, email, createDate, password, phoneNumber, role, loginType)
values('host3', '13@naver.com', now(), '$2a$12$HFJII9Y8xTiWW0n4YOBWQew7CmBzCvD6r0ApzEJRlpWY3v3Fb8Srq', '010-8879-1234', 'HOST', 'CLICKGO');

insert into user(username, email, createDate, password, phoneNumber, role, loginType)
values('host4', '14@naver.com', now(), '$2a$12$HFJII9Y8xTiWW0n4YOBWQew7CmBzCvD6r0ApzEJRlpWY3v3Fb8Srq', '010-6571-3459', 'HOST', 'CLICKGO');

insert into user(username, email, createDate, password, phoneNumber, role, loginType)
values('host5', '15@naver.com', now(), '$2a$12$HFJII9Y8xTiWW0n4YOBWQew7CmBzCvD6r0ApzEJRlpWY3v3Fb8Srq', '010-7891-4569', 'HOST', 'CLICKGO');

insert into user(username, email, createDate, password, phoneNumber, role, loginType)
values('host6', '16@naver.com', now(), '$2a$12$HFJII9Y8xTiWW0n4YOBWQew7CmBzCvD6r0ApzEJRlpWY3v3Fb8Srq', '010-7891-7893', 'HOST', 'CLICKGO');

insert into user(username, email, createDate, password, phoneNumber, role, loginType)
values('host7', '17@naver.com', now(), '$2a$12$HFJII9Y8xTiWW0n4YOBWQew7CmBzCvD6r0ApzEJRlpWY3v3Fb8Srq', '010-7891-7893', 'HOST', 'CLICKGO');

insert into user(username, email, createDate, password, phoneNumber, role, loginType)
values('host8', '18@naver.com', now(), '$2a$12$05rZ0MbBO34yAFnANqM8w.BgaYrBjWDJw8l/PATu0cqyWQZfohEl2', '010-0000-0000', 'HOST', 'CLICKGO');

insert into user(username, email, createDate, password, phoneNumber, role, loginType)
values('host9', '19@naver.com', now(), '$2a$12$HFJII9Y8xTiWW0n4YOBWQew7CmBzCvD6r0ApzEJRlpWY3v3Fb8Srq', '010-5653-8645', 'HOST', 'CLICKGO');

insert into user(username, email, createDate, password, phoneNumber, role, loginType)
values('host10', '20@naver.com', now(), '$2a$12$HFJII9Y8xTiWW0n4YOBWQew7CmBzCvD6r0ApzEJRlpWY3v3Fb8Srq', '010-6485-4454', 'HOST', 'CLICKGO');


/*GEUST*/
insert into user(username, email, createDate, password, phoneNumber, role, loginType)
values('user1', '21@naver.com', now(), '$2a$12$HFJII9Y8xTiWW0n4YOBWQew7CmBzCvD6r0ApzEJRlpWY3v3Fb8Srq', '010-7891-7893', 'GEUST', 'CLICKGO');

insert into user(username, email, createDate, password, phoneNumber, role, loginType)
values('user2', '22@naver.com', now(), '$2a$12$HFJII9Y8xTiWW0n4YOBWQew7CmBzCvD6r0ApzEJRlpWY3v3Fb8Srq', '010-7891-7893', 'GEUST', 'CLICKGO');

insert into user(username, email, createDate, password, phoneNumber, role, loginType)
values('user3', '23@naver.com', now(), '$2a$12$05rZ0MbBO34yAFnANqM8w.BgaYrBjWDJw8l/PATu0cqyWQZfohEl2', '010-0000-0000', 'GEUST', 'CLICKGO');

insert into user(username, email, createDate, password, phoneNumber, role, loginType)
values('user4', '24@naver.com', now(), '$2a$12$HFJII9Y8xTiWW0n4YOBWQew7CmBzCvD6r0ApzEJRlpWY3v3Fb8Srq', '010-5653-8645', 'GEUST', 'CLICKGO');

insert into user(username, email, createDate, password, phoneNumber, role, loginType)
values('user5', '25@naver.com', now(), '$2a$12$HFJII9Y8xTiWW0n4YOBWQew7CmBzCvD6r0ApzEJRlpWY3v3Fb8Srq', '010-6485-4454', 'GEUST', 'CLICKGO');

insert into user(username, email, createDate, password, phoneNumber, role, loginType)
values('user6', '26@naver.com', now(), '$2a$12$HFJII9Y8xTiWW0n4YOBWQew7CmBzCvD6r0ApzEJRlpWY3v3Fb8Srq', '010-8674-8791', 'GEUST', 'CLICKGO');

insert into user(username, email, createDate, password, phoneNumber, role, loginType)
values('user7', '27@naver.com', now(), '$2a$12$HFJII9Y8xTiWW0n4YOBWQew7CmBzCvD6r0ApzEJRlpWY3v3Fb8Srq', '010-8879-1234', 'GEUST', 'CLICKGO');

insert into user(username, email, createDate, password, phoneNumber, role, loginType)
values('user8', '28@naver.com', now(), '$2a$12$HFJII9Y8xTiWW0n4YOBWQew7CmBzCvD6r0ApzEJRlpWY3v3Fb8Srq', '010-6571-3459', 'GEUST', 'CLICKGO');

insert into user(username, email, createDate, password, phoneNumber, role, loginType)
values('user9', '29@naver.com', now(), '$2a$12$HFJII9Y8xTiWW0n4YOBWQew7CmBzCvD6r0ApzEJRlpWY3v3Fb8Srq', '010-7891-4569', 'GEUST', 'CLICKGO');

insert into user(username, email, createDate, password, phoneNumber, role, loginType)
values('user10', '30@naver.com', now(), '$2a$12$HFJII9Y8xTiWW0n4YOBWQew7CmBzCvD6r0ApzEJRlpWY3v3Fb8Srq', '010-7891-7893', 'GEUST', 'CLICKGO');


/*카테고리*/

insert into category
values('PC방');
insert into category
values('노래방');
insert into category
values('동전노래방');
insert into category
values('당구장');
insert into category
values('볼링장');
insert into category
values('스크린야구장');


/*admin*/



insert into admin(blogLink, myInfo, nickName, profileUrl, userId)
values('https://blog.naver.com/ji_euni' , '안녕하세요! 개발자 지은입니다 : ) 편하게 연락주세요!' , '지은' , 'adminImg1.png' , 1);

insert into admin(blogLink, myInfo, nickName, profileUrl, userId)
values('https://blog.naver.com/faker0331' , '문제가 있을 시, 아래 연락처로 연락주시면 처리해드릴게요!' , '승원' , 'adminImg2.png' , 3);

insert into admin(blogLink, myInfo, nickName, profileUrl, userId)
values('https://zico8282.tistory.com/' , '★ 월,수,금은 자리를  비웁니다!' , '지훈' , 'adminImg5.png' , 4);

insert into admin(blogLink, myInfo, nickName, profileUrl, userId)
values('https://blog.naver.com/coding_player' , '오늘도 열심히! 파이팅! ' , '경민' , 'adminImg6.png' , 2);

insert into admin(blogLink, myInfo, nickName, profileUrl, userId)
values('https://blog.naver.com/tjdqls2s' , '메일로 연락주시면 빠르게 회신하겠습니다!' , '성빈' , 'adminImg7.png' , 5);

insert into admin(blogLink, myInfo, nickName, profileUrl, userId)
values('https://1000bang.notion.site/1000bang/My-study-48801187d2a8458bbc73f9a459a1d9b5' , '질문이 있으시면 언제든 연락주세요 :)' , '병재' , 'adminImg8.png' , 6);

insert into admin(blogLink, myInfo, nickName, profileUrl, userId)
values('https://blog.naver.com/iw_br' , '현재 부재중입니다...!' , '보경' , 'adminImg4.png' , 7);

insert into admin(blogLink, myInfo, nickName, profileUrl, userId)
values('https://blog.naver.com/' , '' , '승엽' , 'adminImg3.png' , 8);

insert into admin(blogLink, myInfo, nickName, profileUrl, userId)
values('https://blog.naver.com/' , '' , 'admin9' , 'adminImg5.png' , 9);

insert into admin(blogLink, myInfo, nickName, profileUrl, userId)
values('https://blog.naver.com/' , '' , 'admin10' , 'adminImg4.png' , 10);

/*csBoard & csReply*/
insert into csboard(content, count, createDate, secretType, title, userId)
values('안녕하세요! 게시판 이용은 이렇게 하면 되는걸까요?', 30, now(), 'PUBLIC', '문의 드립니다!', 11);

insert into csboard(content, count, createDate, secretType, title, userId)
values('예약은 어떤 절차로 이루어지나요 ?', 8, now(), 'PRIVATE', '문의 드립니다. : )', 12);

insert into csboard(content, count, createDate, secretType, title, userId)
values('예약은 어떤 절차로 이루어지나요 ?', 5, now(), 'PRIVATE', '문의 드립니다. : )', 13);

insert into csboard(content, count, createDate, secretType, title, userId)
values('예약은 어떤 절차로 이루어지나요 ?', 18, now(), 'PRIVATE', '문의 드립니다. : )', 14);

insert into csboard(content, count, createDate, secretType, title, userId)
values('안녕하세요! 1대1은 로그인 후 이용이 가능한 기능인가요? ', 22, now(), 'PUBLIC', '1:1 상담 서비스', 15);

insert into csboard(content, count, createDate, secretType, title, userId)
values('예약은 어떤 절차로 이루어지나요 ?', 12, now(), 'PRIVATE', '문의 드립니다. : )', 16);

insert into csboard(content, count, createDate, secretType, title, userId)
values('예약은 어떤 절차로 이루어지나요 ?', 7, now(), 'PRIVATE', '문의 드립니다. : )', 17);

insert into csboard(content, count, createDate, secretType, title, userId)
values('예약은 어떤 절차로 이루어지나요 ?', 14, now(), 'PRIVATE', '문의 드립니다. : )', 18);

insert into csboard(content, count, createDate, secretType, title, userId)
values('결제는 카카오 페이만 이용 가능한가요 ?', 25, now(), 'PUBLIC', '결제 관련하여 문의 드립니다.', 19);

insert into csboard(content, count, createDate, secretType, title, userId)
values('예약은 어떤 절차로 이루어지나요 ?', 20, now(), 'PRIVATE', '문의 드립니다. : )', 20);

insert into csboard(content, count, createDate, secretType, title, userId)
values('예약은 어떤 절차로 이루어지나요 ?', 18, now(), 'PRIVATE', '문의 드립니다. : )', 21);

insert into csboard(content, count, createDate, secretType, title, userId)
values('예약은 어떤 절차로 이루어지나요 ? ', 13, now(), 'PUBLIC', '예약 문의', 22);

insert into csboard(content, count, createDate, secretType, title, userId)
values('예약은 어떤 절차로 이루어지나요 ?', 5, now(), 'PRIVATE', '문의 드립니다. : )', 23);

insert into csboard(content, count, createDate, secretType, title, userId)
values('예약은 어떤 절차로 이루어지나요 ?', 7, now(), 'PRIVATE', '문의 드립니다. : )', 24);

insert into csboard(content, count, createDate, secretType, title, userId)
values('예약은 어떤 절차로 이루어지나요 ?', 15, now(), 'PRIVATE', '문의 드립니다. : )', 25);

insert into csboard(content, count, createDate, secretType, title, userId)
values('안녕하세요! 게시판 이용은 이렇게 하면 되는걸까요?', 30, now(), 'PUBLIC', '문의 드립니다!', 26);

insert into csboard(content, count, createDate, secretType, title, userId)
values('예약은 어떤 절차로 이루어지나요 ?', 8, now(), 'PRIVATE', '문의 드립니다. : )', 27);

insert into csboard(content, count, createDate, secretType, title, userId)
values('예약은 어떤 절차로 이루어지나요 ?', 5, now(), 'PRIVATE', '문의 드립니다. : )', 28);

insert into csboard(content, count, createDate, secretType, title, userId)
values('예약은 어떤 절차로 이루어지나요 ?', 18, now(), 'PRIVATE', '문의 드립니다. : )', 29);

insert into csboard(content, count, createDate, secretType, title, userId)
values('안녕하세요! 1대1은 로그인 후 이용이 가능한 기능인가요? ', 22, now(), 'PUBLIC', '1:1 상담 서비스', 30);

insert into csreply(content, createDate, secret, boardId, userId)
values('네! 맞습니다!', now(), 1, 20, 25);

insert into csreply(content, createDate, secret, boardId, userId)
values('안녕하세요! 네! 맞습니다!', now(), 0, 20, 30);

insert into csreply(content, createDate, secret, boardId, userId)
values('네! 맞습니다!', now(), 1, 20, 25);

insert into csreply(content, createDate, secret, boardId, userId)
values('네! 자유롭게 이용하시면 됩니다 :)', now(), 0, 16, 15);

insert into csreply(content, createDate, secret, boardId, userId)
values('안녕하세요!', now(), 1, 16, 20);


/*1:1 문의*/

/*1:1 문의 질문*/
insert into onetooneask(answer, content, createDate, title, userId)
values(1, '안녕하세요! 결제는 어떻게 이루어지는지 알고 싶습니다!', now(), '결제는 어떻게 이루어지나요?', 28);

insert into onetooneask(answer, content, createDate, title, userId)
values(0, '같은 이메일로 아이디 등록은 불가한가요?', now(), '같은 이메일로 아이디 등록은 불가한가요?', 20);

insert into onetooneask(answer, content, createDate, title, userId)
values(0, '호스트 신청을 했는데 언제쯤 승인이 되나요?', now(), '호스트 신청을 했는데 언제쯤 승인이 되나요?', 15);

insert into onetooneask(answer, content, createDate, title, userId)
values(0, '결제 취소는 어떻게 되나요 ?', now(), '결제 취소는 어떻게 되나요 ?', 13);

insert into onetooneask(answer, content, createDate, title, userId)
values(0, '가게가 폐업을 했습니다. 절차를 부탁드립니다!', now(), '가게가 폐업을 했습니다. 절차를 부탁드립니다!', 22);

insert into onetooneask(answer, content, createDate, title, userId)
values(0, '신고는 어떻게 할 수 있나요?', now(), '신고는 어떻게 할 수 있나요?', 19);

insert into onetooneask(answer, content, createDate, title, userId)
values(0, '주문은 어떻게 이루어지나요 ?', now(), '주문은 어떻게 이루어지나요 ?', 23);

/*1:1 문의 답변*/
insert into onetooneanswer(content, createDate, oneToOneAskId, userId)
values('안녕하세요 결제는 카카오페이를 이용하시면 됩니다 :)!', now(), 1, 1);



/*store & Image 샘플*/

insert into store(createDate, price, storeAddress, storeName, storeTEL, storeTotalRoomCount, categoryId, userId)
values (now(), 1000, '부산 부산진구 중앙대로680번가길 38 1층', 'CCY코인노래연습장', '055-255-6297', '63', '동전노래방', 17);
insert into image(createDate, imageUrl, storeId)
values(now(), 'dongsing5.png' ,1);
insert into image(createDate, imageUrl, storeId)
values(now(), 'dongsing1.png' ,1);
insert into image(createDate, imageUrl, storeId)
values(now(), 'dongsing2.png' ,1);
insert into image(createDate, imageUrl, storeId)
values(now(), 'dongsing3.png' ,1);
insert into image(createDate, imageUrl, storeId)
values(now(), 'dongsing4.png' ,1);


insert into store(createDate, price, storeAddress, storeName, storeTEL, storeTotalRoomCount, categoryId, userId)
values (now(), 5000, '부산 부산진구 중앙대로680번가길 80', '볼스퀘어', '055-255-6297', '10', '볼링장', 16);
insert into image(createDate, imageUrl, storeId)
values(now(), 'boll1.png' ,2);
insert into image(createDate, imageUrl, storeId)
values(now(), 'boll2.png' ,2);
insert into image(createDate, imageUrl, storeId)
values(now(), 'boll3.png' ,2);

insert into store(createDate, price, storeAddress, storeName, storeTEL, storeTotalRoomCount, categoryId, userId)
values (now(), 5000, '부산 부산진구 중앙대로680번길 45-8 1층', '레전드히어로즈', '055-255-6297', '10', '스크린야구장', 15);
insert into image(createDate, imageUrl, storeId)
values(now(), 'baseball1.png' ,3);
insert into image(createDate, imageUrl, storeId)
values(now(), 'baseball2.png' ,3);
insert into image(createDate, imageUrl, storeId)
values(now(), 'baseball3.png' ,3);
insert into image(createDate, imageUrl, storeId)
values(now(), 'baseball4.png' ,3);
insert into image(createDate, imageUrl, storeId)
values(now(), 'baseball5.png' ,3);


insert into store(createDate, price, storeAddress, storeName, storeTEL, storeTotalRoomCount, categoryId, userId)
values (now(), 300, '부산 남구 용소로13번길 13 스카이빌딩 4층', '랑채 피시방', '055-255-6297', '63', 'PC방', 14);
insert into image(createDate, imageUrl, storeId)
values(now(), 'lang1.png' ,4);
insert into image(createDate, imageUrl, storeId)
values(now(), 'lang2.png' ,4);
insert into image(createDate, imageUrl, storeId)
values(now(), 'lang3.png' ,4);

insert into store(createDate, price, storeAddress, storeName, storeTEL, storeTotalRoomCount, categoryId, userId)
values (now(), 2000, '부산 부산진구 서전로10번길 61', '뮤즈 노래연습장', '055-255-6297', '10', '노래방', 13);
insert into image(createDate, imageUrl, storeId)
values(now(), 'sing1.png' ,5);

insert into store(createDate, price, storeAddress, storeName, storeTEL, storeTotalRoomCount, categoryId, userId)
values (now(), 1300, '부산 부산진구 신천대로50번길 68 4층 ms당구클럽', 'MS 당구 클럽', '055-255-6297', '10', '당구장', 12);
insert into image(createDate, imageUrl, storeId)
values(now(), 'dang1.png' ,6);
insert into image(createDate, imageUrl, storeId)
values(now(), 'dang2.png' ,6);
insert into image(createDate, imageUrl, storeId)
values(now(), 'dang3.png' ,6);

insert into store(createDate, price, storeAddress, storeName, storeTEL, storeTotalRoomCount, categoryId, userId)
values (now(), 1000, '부산 부산진구 중앙대로680번가길 12 3층', '위너동전노래연습장', '055-255-6297', '63', '동전노래방', 20);
insert into image(createDate, imageUrl, storeId)
values(now(), 'dongsing6.png' ,7);

insert into store(createDate, price, storeAddress, storeName, storeTEL, storeTotalRoomCount, categoryId, userId)
values (now(), 5000, '부산 부산진구 중앙대로691번길 32 씨엔티빌딩 5층 501호', '킴스볼링앤펍', '055-255-6297', '10', '볼링장', 19);
insert into image(createDate, imageUrl, storeId)
values(now(), 'boll4.png' ,8);
insert into image(createDate, imageUrl, storeId)
values(now(), 'boll5.png' ,8);

insert into store(createDate, price, storeAddress, storeName, storeTEL, storeTotalRoomCount, categoryId, userId)
values (now(), 300, '부산 수영구 남천동로24번길 8 3층', 'OX 피시방', '055-255-6297', '63', 'PC방', 18);
insert into image(createDate, imageUrl, storeId)
values(now(), 'ox1.png' ,9);
insert into image(createDate, imageUrl, storeId)
values(now(), 'ox2.png' ,9);
insert into image(createDate, imageUrl, storeId)
values(now(), 'ox3.png' ,9);

insert into store(createDate, price, storeAddress, storeName, storeTEL, storeTotalRoomCount, categoryId, userId)
values (now(), 2000, '부산 부산진구 중앙대로680번가길 47 3,4층', 'K스타 노래연습장', '055-255-6297', '10', '노래방', 17);
insert into image(createDate, imageUrl, storeId)
values(now(), 'sing2.png' ,10);
insert into image(createDate, imageUrl, storeId)
values(now(), 'sing3.png' ,10);
insert into image(createDate, imageUrl, storeId)
values(now(), 'sing4.png' ,10);

insert into store(createDate, price, storeAddress, storeName, storeTEL, storeTotalRoomCount, categoryId, userId)
values (now(), 1300, '부산 부산진구 서면로 35', '색종이 당구클럽', '055-255-6297', '10', '당구장', 16);
insert into image(createDate, imageUrl, storeId)
values(now(), 'dang4.png' ,11);
insert into image(createDate, imageUrl, storeId)
values(now(), 'dang5.png' ,11);
insert into image(createDate, imageUrl, storeId)
values(now(), 'dang6.png' ,11);

insert into store(createDate, price, storeAddress, storeName, storeTEL, storeTotalRoomCount, categoryId, userId)
values (now(), 1000, '부산 부산진구 신천대로50번길 70', '큐브코인노래연습장', '055-255-6297', '63', '동전노래방', 11);
insert into image(createDate, imageUrl, storeId)
values(now(), 'dongsing11.png' ,12);
insert into image(createDate, imageUrl, storeId)
values(now(), 'dongsing8.png' ,12);
insert into image(createDate, imageUrl, storeId)
values(now(), 'dongsing9.png' ,12);
insert into image(createDate, imageUrl, storeId)
values(now(), 'dongsing10.png' ,12);

insert into store(createDate, price, storeAddress, storeName, storeTEL, storeTotalRoomCount, categoryId, userId)
values (now(), 5000, '부산 부산진구 중앙대로 694 6층', '볼링스퀘어', '055-255-6297', '10', '볼링장', 15);
insert into image(createDate, imageUrl, storeId)
values(now(), 'boll6.png' ,13);
insert into image(createDate, imageUrl, storeId)
values(now(), 'boll7.png' ,13);

insert into store(createDate, price, storeAddress, storeName, storeTEL, storeTotalRoomCount, categoryId, userId)
values (now(), 5000, '부산 부산진구 서전로10번길 61', '레전드야구존', '055-255-6297', '10', '스크린야구장', 14);
insert into image(createDate, imageUrl, storeId)
values(now(), 'baseball6.png' ,14);
insert into image(createDate, imageUrl, storeId)
values(now(), 'baseball7.png' ,14);
insert into image(createDate, imageUrl, storeId)
values(now(), 'baseball8.png' ,14);
insert into image(createDate, imageUrl, storeId)
values(now(), 'baseball9.png' ,14);

insert into store(createDate, price, storeAddress, storeName, storeTEL, storeTotalRoomCount, categoryId, userId)
values (now(), 300, '부산 수영구 수영로 465 2층', '아이린 피시방', '055-255-6297', '63', 'PC방', 13);
insert into image(createDate, imageUrl, storeId)
values(now(), 'irin1.png' ,15);
insert into image(createDate, imageUrl, storeId)
values(now(), 'irin2.png' ,15);

insert into store(createDate, price, storeAddress, storeName, storeTEL, storeTotalRoomCount, categoryId, userId)
values (now(), 2000, '부산 부산진구 중앙대로702번길 33', '대박 노래방', '055-255-6297', '10', '노래방', 12);
insert into image(createDate, imageUrl, storeId)
values(now(), 'sing5.png' ,16);

insert into store(createDate, price, storeAddress, storeName, storeTEL, storeTotalRoomCount, categoryId, userId)
values (now(), 1300, '부산 부산진구 중앙대로692번길 31', '부산NEW당구클럽', '055-255-6297', '10', '당구장', 20);
insert into image(createDate, imageUrl, storeId)
values(now(), 'dang7.png' ,17);
insert into image(createDate, imageUrl, storeId)
values(now(), 'dang8.png' ,17);
insert into image(createDate, imageUrl, storeId)
values(now(), 'dang9.png' ,17);
insert into image(createDate, imageUrl, storeId)
values(now(), 'dang10.png' ,17);

insert into store(createDate, price, storeAddress, storeName, storeTEL, storeTotalRoomCount, categoryId, userId)
values (now(), 1000, '부산 부산진구 서전로10번길 50', '포텐코인노래연습장', '055-255-6297', '63', '동전노래방', 19);
insert into image(createDate, imageUrl, storeId)
values(now(), 'dongsing12.png' ,18);
insert into image(createDate, imageUrl, storeId)
values(now(), 'dongsing13.png' ,18);
insert into image(createDate, imageUrl, storeId)
values(now(), 'dongsing14.png' ,18);

insert into store(createDate, price, storeAddress, storeName, storeTEL, storeTotalRoomCount, categoryId, userId)
values (now(), 5000, '부산 부산진구 서전로10번길 61', '서면락볼링클럽', '055-255-6297', '10', '볼링장', 18);
insert into image(createDate, imageUrl, storeId)
values(now(), 'boll2.png' ,19);

insert into store(createDate, price, storeAddress, storeName, storeTEL, storeTotalRoomCount, categoryId, userId)
values (now(), 5000, '부산 부산진구 중앙대로692번길 46-7 엔젤호텔 2, 3층', '스트라이크존', '055-255-6297', '10', '스크린야구장', 17);
insert into image(createDate, imageUrl, storeId)
values(now(), 'baseball10.png' ,20);
insert into image(createDate, imageUrl, storeId)
values(now(), 'baseball11.png' ,20);
insert into image(createDate, imageUrl, storeId)
values(now(), 'baseball12.png' ,20);

insert into store(createDate, price, storeAddress, storeName, storeTEL, storeTotalRoomCount, categoryId, userId)
values (now(), 300, '부산 수영구 광안로 67 5층', 'PC토랑', '055-255-6297', '63', 'PC방', 16);
insert into image(createDate, imageUrl, storeId)
values(now(), 'torang1.png' ,21);
insert into image(createDate, imageUrl, storeId)
values(now(), 'torang2.png' ,21);
insert into image(createDate, imageUrl, storeId)
values(now(), 'torang3.png' ,21);
insert into image(createDate, imageUrl, storeId)
values(now(), 'torang4.png' ,21);
insert into image(createDate, imageUrl, storeId)
values(now(), 'torang5.png' ,21);

insert into store(createDate, price, storeAddress, storeName, storeTEL, storeTotalRoomCount, categoryId, userId)
values (now(), 2000, '부산 부산진구 중앙대로692번길 39', '전국 노래방', '055-255-6297', '10', '노래방', 15);
insert into image(createDate, imageUrl, storeId)
values(now(), 'sing6.png' ,22);
insert into image(createDate, imageUrl, storeId)
values(now(), 'sing7.png' ,22);

insert into store(createDate, price, storeAddress, storeName, storeTEL, storeTotalRoomCount, categoryId, userId)
values (now(), 1300, '부산 부산진구 서면로68번길 52 명동빌딩 8층', '석화당구장', '055-255-6297', '10', '당구장', 14);
insert into image(createDate, imageUrl, storeId)
values(now(), 'dang11.png' ,23);

insert into store(createDate, price, storeAddress, storeName, storeTEL, storeTotalRoomCount, categoryId, userId)
values (now(), 1000, '부산 부산진구 서면로68번길 51', '혼코노동전노래연습장', '055-255-6297', '63', '동전노래방', 13);
insert into image(createDate, imageUrl, storeId)
values(now(), 'dongsing15.png' ,24);
insert into image(createDate, imageUrl, storeId)
values(now(), 'dongsing16.png' ,24);
insert into image(createDate, imageUrl, storeId)
values(now(), 'dongsing17.png' ,24);

insert into store(createDate, price, storeAddress, storeName, storeTEL, storeTotalRoomCount, categoryId, userId)
values (now(), 5000, '부산 부산진구 중앙대로702번길 43 3층 302호', '큐브락볼링장', '055-255-6297', '10', '볼링장', 12);
insert into image(createDate, imageUrl, storeId)
values(now(), 'boll8.png' ,25);
insert into image(createDate, imageUrl, storeId)
values(now(), 'boll9.png' ,25);
insert into image(createDate, imageUrl, storeId)
values(now(), 'boll10.png' ,25);
insert into image(createDate, imageUrl, storeId)
values(now(), 'boll11.png' ,25);

insert into store(createDate, price, storeAddress, storeName, storeTEL, storeTotalRoomCount, categoryId, userId)
values (now(), 5000, '부산 부산진구 가야대로 772', 'KMGM 리얼야구존', '055-255-6297', '10', '스크린야구장', 11);
insert into image(createDate, imageUrl, storeId)
values(now(), 'baseball13.png' ,26);
insert into image(createDate, imageUrl, storeId)
values(now(), 'baseball14.png' ,26);
insert into image(createDate, imageUrl, storeId)
values(now(), 'baseball15.png' ,26);

insert into store(createDate, price, storeAddress, storeName, storeTEL, storeTotalRoomCount, categoryId, userId)
values (now(), 5000, '부산 남구 수영로 304 대승타워 7층', '리얼야구존', '055-255-6297', '10', '스크린야구장', 20);
insert into image(createDate, imageUrl, storeId)
values(now(), 'baseball16.png' ,27);
insert into image(createDate, imageUrl, storeId)
values(now(), 'baseball17.png' ,27);
insert into image(createDate, imageUrl, storeId)
values(now(), 'baseball18.png' ,27);

insert into store(createDate, price, storeAddress, storeName, storeTEL, storeTotalRoomCount, categoryId, userId)
values (now(), 300, '부산 남구 수영로298번길 41', '루나틱하이 피시방', '055-255-6297', '63', 'PC방', 19);
insert into image(createDate, imageUrl, storeId)
values(now(), 'runa4.png' ,28);
insert into image(createDate, imageUrl, storeId)
values(now(), 'runa2.png' ,28);
insert into image(createDate, imageUrl, storeId)
values(now(), 'runa3.png' ,28);
insert into image(createDate, imageUrl, storeId)
values(now(), 'runa1.png' ,28);

insert into store(createDate, price, storeAddress, storeName, storeTEL, storeTotalRoomCount, categoryId, userId)
values (now(), 2000, '부산 부산진구 중앙대로702번길 21 지하1층', '송바 노래방', '055-255-6297', '10', '노래방', 18);
insert into image(createDate, imageUrl, storeId)
values(now(), 'sing8.png' ,29);
insert into image(createDate, imageUrl, storeId)
values(now(), 'sing9.png' ,29);
insert into image(createDate, imageUrl, storeId)
values(now(), 'sing10.png' ,29);

insert into store(createDate, price, storeAddress, storeName, storeTEL, storeTotalRoomCount, categoryId, userId)
values (now(), 1300, '부산 부산진구 신천대로62번길 67', '백작당구장', '055-255-6297', '10', '당구장', 17);
insert into image(createDate, imageUrl, storeId)
values(now(), 'dang12.png' ,30);

insert into store(createDate, price, storeAddress, storeName, storeTEL, storeTotalRoomCount, categoryId, userId)
values (now(), 1000, '부산 부산진구 중앙대로 681', '윈코인노래연습장', '055-255-6297', '63', '동전노래방', 16);
insert into image(createDate, imageUrl, storeId)
values(now(), 'dongsing19.png' ,31);
insert into image(createDate, imageUrl, storeId)
values(now(), 'dongsing18.png' ,31);
insert into image(createDate, imageUrl, storeId)
values(now(), 'dongsing20.png' ,31);

insert into store(createDate, price, storeAddress, storeName, storeTEL, storeTotalRoomCount, categoryId, userId)
values (now(), 5000, '부산 부산진구 중앙대로702번길 43 2층', '킴스볼링장2호점', '055-255-6297', '10', '볼링장', 15);
insert into image(createDate, imageUrl, storeId)
values(now(), 'boll13.png' ,32);
insert into image(createDate, imageUrl, storeId)
values(now(), 'boll14.png' ,32);
insert into image(createDate, imageUrl, storeId)
values(now(), 'boll15.png' ,32);
insert into image(createDate, imageUrl, storeId)
values(now(), 'boll16.png' ,32);

insert into store(createDate, price, storeAddress, storeName, storeTEL, storeTotalRoomCount, categoryId, userId)
values (now(), 5000, '부산 부산진구 신천대로62번길 77', '다함께 야구왕', '055-255-6297', '10', '스크린야구장', 14);
insert into image(createDate, imageUrl, storeId)
values(now(), 'baseball19.png' ,33);
insert into image(createDate, imageUrl, storeId)
values(now(), 'baseball20.png' ,33);

insert into store(createDate, price, storeAddress, storeName, storeTEL, storeTotalRoomCount, categoryId, userId)
values (now(), 300, '부산 부산진구 서면문화로5번길 6', '앤유PC 피시방', '055-255-6297', '63', 'PC방', 13);
insert into image(createDate, imageUrl, storeId)
values(now(), 'andyou1.png' ,34);
insert into image(createDate, imageUrl, storeId)
values(now(), 'andyou2.png' ,34);
insert into image(createDate, imageUrl, storeId)
values(now(), 'andyou3.png' ,34);
insert into image(createDate, imageUrl, storeId)
values(now(), 'andyou4.png' ,34);

insert into store(createDate, price, storeAddress, storeName, storeTEL, storeTotalRoomCount, categoryId, userId)
values (now(), 2000, '부산 부산진구 중앙대로692번길 21', '아이팅 노래연습장', '055-255-6297', '10', '노래방', 12);
insert into image(createDate, imageUrl, storeId)
values(now(), 'sing11.png' ,35);
insert into image(createDate, imageUrl, storeId)
values(now(), 'sing12.png' ,35);

insert into store(createDate, price, storeAddress, storeName, storeTEL, storeTotalRoomCount, categoryId, userId)
values (now(), 1300, '부산 부산진구 서면로68번길 16 1층', '맥스당구장', '055-255-6297', '10', '당구장', 11);
insert into image(createDate, imageUrl, storeId)
values(now(), 'dang5.png' ,36);
insert into image(createDate, imageUrl, storeId)
values(now(), 'dang6.png' ,36);
insert into image(createDate, imageUrl, storeId)
values(now(), 'dang7.png' ,36);
insert into image(createDate, imageUrl, storeId)
values(now(), 'dang13.png' ,36);


/*storefranchise 샘플*/

insert into storefranchise(applyDate,layoutImageUrl, licenseImageUrl, price, rejectReason, state, storeAddress, storeName, storeTEL, storeTotalRoomCount, categoryId, userId)
values(now(), '' ,'5299d662-4d2f-4575-8bd6-608624fad919_B_data2__15215926641.jpg'
, 1000, null, 'WAIT', '부산 부산진구 양정로 18번길 105 2층', 'Fish피시방', '051-324-9874', 10, 'PC방', 15);

insert into storefranchise(applyDate,layoutImageUrl, licenseImageUrl, price, rejectReason, state, storeAddress, storeName, storeTEL, storeTotalRoomCount, categoryId, userId)
values(now(), '5299d662-4d2f-4575-8bd6-608624fad919_layout1.png' ,'5299d662-4d2f-4575-8bd6-608624fad919_B_data2__15215926641.jpg'
, 1000, null, 'WAIT', '부산 부산진구 서면로 20번길 15 3층', 'OX당구장', '051-123-4567', 15, '당구장', 11);

insert into storefranchise(applyDate,layoutImageUrl, licenseImageUrl, price, rejectReason, state, storeAddress, storeName, storeTEL, storeTotalRoomCount, categoryId, userId)
values(now(), '5299d662-4d2f-4575-8bd6-608624fad919_layout1.png' ,'5299d662-4d2f-4575-8bd6-608624fad919_B_data2__15215926641.jpg'
, 1000, null, 'APPROVE', '부산 부산진구 서면로68번길 16 1층', '맥스당구장', '055-255-6297',  10, '당구장', 11);

insert into storefranchise(applyDate,layoutImageUrl, licenseImageUrl, price, rejectReason, state, storeAddress, storeName, storeTEL, storeTotalRoomCount, categoryId, userId)
values(now(), '5299d662-4d2f-4575-8bd6-608624fad919_layout1.png' ,'5299d662-4d2f-4575-8bd6-608624fad919_B_data2__15215926641.jpg'
, 5000, null, 'APPROVE', '부산 부산진구 가야대로 772', 'KMGM 리얼야구존', '055-255-6297', 10 , '스크린야구장', 11);

insert into storefranchise(applyDate,layoutImageUrl, licenseImageUrl, price, rejectReason, state, storeAddress, storeName, storeTEL, storeTotalRoomCount, categoryId, userId)
values(now(), '5299d662-4d2f-4575-8bd6-608624fad919_layout1.png' ,'5299d662-4d2f-4575-8bd6-608624fad919_B_data2__15215926641.jpg'
, 3000, '사업자 등록증이 확인되지 않습니다.', 'REJECT', '부산 부산진구 가야대로 772', 'KMGM 리얼야구존', '055-255-6297', 10, '스크린야구장', 11);

insert into storefranchise(applyDate,layoutImageUrl, licenseImageUrl, price, rejectReason, state, storeAddress, storeName, storeTEL, storeTotalRoomCount, categoryId, userId)
values(now(), '5299d662-4d2f-4575-8bd6-608624fad919_layout1.png' ,'5299d662-4d2f-4575-8bd6-608624fad919_B_data2__15215926641.jpg'
, 500, null, 'APPROVE', '부산 부산진구 신천대로50번길 70', '큐브코인노래연습장', '055-255-6297', 63, '동전노래방', 11);



/*예약 샘플*/
insert into reservation(approveStatus, createDate, reservationDate, endDate, reservationTime, endTime, 
paymentType, price, reservationSeat, storeId, userId)
values('REJECT', now(), '2023-01-01', '2023-01-01', '06:30', '07:30', 'KAKAO', 3000, 20,  36,  21);

insert into reservation(approveStatus, createDate, reservationDate, endDate, reservationTime, endTime, 
paymentType, price, reservationSeat, storeId, userId)
values('APPROVED', now(), '2023-01-02', '2023-01-02', '08:30', '10:30', 'KAKAO', 5000, 30,  12,  21);

insert into reservation(approveStatus, createDate, reservationDate, endDate, reservationTime, endTime, 
paymentType, price, reservationSeat, storeId, userId)
values('APPROVED', now(), '2023-01-03', '2023-01-03', '10:30', '12:30', 'KAKAO', 8000, 15,  26,  21);

insert into reservation(approveStatus, createDate, reservationDate, endDate, reservationTime, endTime, 
paymentType, price, reservationSeat, storeId, userId)
values('REJECT', now(), '2023-01-04', '2023-01-04', '15:30', '18:30', 'KAKAO', 12000, 12,  36,  21);

insert into reservation(approveStatus, createDate, reservationDate, endDate, reservationTime, endTime, 
paymentType, price, reservationSeat, storeId, userId)
values('APPROVED', now(), '2023-01-06', '2023-01-06', '06:30', '07:30', 'KAKAO', 3000, 20,  12,  21);

insert into reservation(approveStatus, createDate, reservationDate, endDate, reservationTime, endTime, 
paymentType, price, reservationSeat, storeId, userId)
values('REJECT', now(), '2023-01-07', '2023-01-07', '08:30', '10:30', 'KAKAO', 5000, 30,  26,  21);

insert into reservation(approveStatus, createDate, reservationDate, endDate, reservationTime, endTime, 
paymentType, price, reservationSeat, storeId, userId)
values('APPROVED', now(), '2023-01-08', '2023-01-08', '10:30', '12:30', 'KAKAO', 8000, 15,  12,  21);

insert into reservation(approveStatus, createDate, reservationDate, endDate, reservationTime, endTime, 
paymentType, price, reservationSeat, storeId, userId)
values('APPROVED', now(), '2023-01-09', '2023-01-09', '15:30', '18:30', 'KAKAO', 12000, 12,  36,  21);

insert into reservation(approveStatus, createDate, reservationDate, endDate, reservationTime, endTime, 
paymentType, price, reservationSeat, storeId, userId)
values('REJECT', now(), '2023-01-10', '2023-01-10', '08:30', '10:30', 'KAKAO', 5000, 30,  12,  21);

insert into reservation(approveStatus, createDate, reservationDate, endDate, reservationTime, endTime, 
paymentType, price, reservationSeat, storeId, userId)
values('APPROVED', now(), '2023-01-11', '2023-01-11', '06:30', '07:30', 'KAKAO', 3000, 20,  26,  21);

insert into reservation(approveStatus, createDate, reservationDate, endDate, reservationTime, endTime, 
paymentType, price, reservationSeat, storeId, userId)
values('REJECT', now(), '2023-01-12', '2023-01-12', '08:30', '10:30', 'KAKAO', 5000, 30,  36,  21);

insert into reservation(approveStatus, createDate, reservationDate, endDate, reservationTime, endTime, 
paymentType, price, reservationSeat, storeId, userId)
values('APPROVED', now(), '2023-01-13', '2023-01-13', '10:30', '12:30', 'KAKAO', 8000, 15,  26,  21);

insert into reservation(approveStatus, createDate, reservationDate, endDate, reservationTime, endTime, 
paymentType, price, reservationSeat, storeId, userId)
values('APPROVED', now(), '2023-01-14', '2023-01-14', '15:30', '18:30', 'KAKAO', 12000, 12,  12,  21);

insert into reservation(approveStatus, createDate, reservationDate, endDate, reservationTime, endTime, 
paymentType, price, reservationSeat, storeId, userId)
values('APPROVED', now(), '2023-01-15', '2023-01-15', '15:30', '18:30', 'KAKAO', 12000, 12,  12,  21);

insert into reservation(approveStatus, createDate, reservationDate, endDate, reservationTime, endTime, 
paymentType, price, reservationSeat, storeId, userId)
values('REJECT', now(), '2023-01-15', '2023-01-15', '15:30', '18:30', 'KAKAO', 15000, 12,  26,  21);

insert into reservation(approveStatus, createDate, reservationDate, endDate, reservationTime, endTime, 
paymentType, price, reservationSeat, storeId, userId)
values('APPROVED', now(), '2023-01-15', '2023-01-15', '15:30', '18:30', 'KAKAO', 15000, 12,  36,  21);

insert into reservation(approveStatus, createDate, reservationDate, endDate, reservationTime, endTime, 
paymentType, price, reservationSeat, storeId, userId)
values('REJECT', now(), '2023-01-16', '2023-01-16', '15:30', '18:30', 'KAKAO', 12000, 12,  12,  21);

insert into reservation(approveStatus, createDate, reservationDate, endDate, reservationTime, endTime, 
paymentType, price, reservationSeat, storeId, userId)
values('REJECT', now(), '2023-01-16', '2023-01-16', '15:30', '18:30', 'KAKAO', 15000, 12,  26,  21);

insert into reservation(approveStatus, createDate, reservationDate, endDate, reservationTime, endTime, 
paymentType, price, reservationSeat, storeId, userId)
values('APPROVED', now(), '2023-01-16', '2023-01-16', '15:30', '18:30', 'KAKAO', 12000, 12,  36,  21);

insert into reservation(approveStatus, createDate, reservationDate, endDate, reservationTime, endTime, 
paymentType, price, reservationSeat, storeId, userId)
values('APPROVED', now(), '2023-01-17', '2023-01-17', '15:30', '18:30', 'KAKAO', 30000, 12,  12,  21);

insert into reservation(approveStatus, createDate, reservationDate, endDate, reservationTime, endTime, 
paymentType, price, reservationSeat, storeId, userId)
values('REJECT', now(), '2023-01-17', '2023-01-17', '15:30', '18:30', 'KAKAO', 30000, 12,  26,  21);

insert into reservation(approveStatus, createDate, reservationDate, endDate, reservationTime, endTime, 
paymentType, price, reservationSeat, storeId, userId)
values('REJECT', now(), '2023-01-17', '2023-01-17', '11:30', '12:30', 'KAKAO', 15000, 12,  36,  21);

insert into reservation(approveStatus, createDate, reservationDate, endDate, reservationTime, endTime, 
paymentType, price, reservationSeat, storeId, userId)
values('APPROVED', now(), '2023-01-17', '2023-01-17', '11:30', '12:30', 'KAKAO', 15000, 12,  12,  21);

insert into reservation(approveStatus, createDate, reservationDate, endDate, reservationTime, endTime, 
paymentType, price, reservationSeat, storeId, userId)
values('APPROVED', now(), '2023-01-17', '2023-01-17', '11:30', '12:30', 'KAKAO', 15000, 12,  26,  21);

insert into reservation(approveStatus, createDate, reservationDate, endDate, reservationTime, endTime, 
paymentType, price, reservationSeat, storeId, userId)
values('APPROVED', now(), '2023-01-17', '2023-01-17', '11:30', '12:30', 'KAKAO', 15000, 12,  36,  21);

insert into reservation(approveStatus, createDate, reservationDate, endDate, reservationTime, endTime, 
paymentType, price, reservationSeat, storeId, userId)
values('APPROVED', now(), '2023-01-17', '2023-01-17', '16:30', '17:30', 'KAKAO', 25000, 12,  36,  21);

insert into reservation(approveStatus, createDate, reservationDate, endDate, reservationTime, endTime, 
paymentType, price, reservationSeat, storeId, userId)
values('APPROVED', now(), '2023-01-17', '2023-01-17', '16:30', '17:30', 'KAKAO', 25000, 12,  12,  21);

insert into reservation(approveStatus, createDate, reservationDate, endDate, reservationTime, endTime, 
paymentType, price, reservationSeat, storeId, userId)
values('APPROVED', now(), '2023-01-17', '2023-01-17', '16:30', '17:30', 'KAKAO', 25000, 12,  26,  21);

insert into reservation(approveStatus, createDate, reservationDate, endDate, reservationTime, endTime, 
paymentType, price, reservationSeat, storeId, userId)
values('WAITING', now(), '2023-01-17', '2023-01-17', '16:30', '17:30', 'KAKAO', 25000, 12,  36,  21);



/*user1의 위시리시트*/
insert into likestore(likeStore, storeId, userId)
values(1,25,21);
insert into likestore(likeStore, storeId, userId)
values(1,28,21);
insert into likestore(likeStore, storeId, userId)
values(1,36,21);

/*review 샘플*/

insert into review(content, createDate, starScore, storeId, userId)
values('사장님도 친절하시고 시설도 너무 좋았어요. 앞으로 자주 들리겠습니다 :)', now(), 5, 36, 21);
insert into review(content, createDate, starScore, storeId, userId)
values('가격이 조금 비싼 편인 것 같아요!', now(), 4, 35, 22);
insert into review(content, createDate, starScore, storeId, userId)
values('생각보다 시설이 좋지 않아서 아쉬웠습니다..! 그래도 즐겁게 놀았습니다.', now(), 3, 34, 23);
insert into review(content, createDate, starScore, storeId, userId)
values('재밌게 놀다갑니다. ~ !', now(), 3, 33, 24);
insert into review(content, createDate, starScore, storeId, userId)
values('사장님도 친절하시고 시설도 너무 좋았어요. 앞으로 자주 들리겠습니다 :)', now(), 4, 32, 25);
insert into review(content, createDate, starScore, storeId, userId)
values('음료도 서비스로 주시고 정말 재밌게 놀았습니다.', now(), 4, 31, 26);
insert into review(content, createDate, starScore, storeId, userId)
values('좋아요!', now(), 4, 30, 24);
insert into review(content, createDate, starScore, storeId, userId)
values('사장님도 친절하시고 시설도 너무 좋았어요. 앞으로 자주 들리겠습니다 :)', now(), 3, 29, 23);
insert into review(content, createDate, starScore, storeId, userId)
values('사장님도 친절하시고 시설도 너무 좋았어요. 앞으로 자주 들리겠습니다 :)', now(), 3, 28, 22);
insert into review(content, createDate, starScore, storeId, userId)
values('생각보다 시설이 좋지 않아서 아쉬웠습니다..! 그래도 즐겁게 놀았습니다.', now(), 3, 27, 21);
insert into review(content, createDate, starScore, storeId, userId)
values('너무나도 재밌게 놀다갑니다. 다음에도 또 들리겠습니다 ! ~ !', now(), 5, 26, 21);
insert into review(content, createDate, starScore, storeId, userId)
values('음료도 서비스로 주시고 정말 재밌게 놀았습니다.', now(), 4, 25, 22);
insert into review(content, createDate, starScore, storeId, userId)
values('재밌게 놀다갑니다. ~ !', now(), 4, 24, 23);
insert into review(content, createDate, starScore, storeId, userId)
values('가격이 조금 비싼 편인 것 같아요!', now(), 3, 23, 24);
insert into review(content, createDate, starScore, storeId, userId)
values('생각보다 시설이 좋지 않아서 아쉬웠습니다..! 그래도 즐겁게 놀았습니다.', now(), 4, 22, 25);
insert into review(content, createDate, starScore, storeId, userId)
values('음료도 서비스로 주시고 정말 재밌게 놀았습니다.', now(), 5, 21, 26);
insert into review(content, createDate, starScore, storeId, userId)
values('사장님도 친절하시고 시설도 너무 좋았어요. 앞으로 자주 들리겠습니다 :)', now(), 5, 20, 27);
insert into review(content, createDate, starScore, storeId, userId)
values('재밌게 놀다갑니다. ~ !', now(), 5, 19, 28);
insert into review(content, createDate, starScore, storeId, userId)
values('생각보다 시설이 좋지 않아서 아쉬웠습니다..! 그래도 즐겁게 놀았습니다.', now(), 3, 18, 29);
insert into review(content, createDate, starScore, storeId, userId)
values('사장님도 친절하시고 시설도 너무 좋았어요. 앞으로 자주 들리겠습니다 :)', now(), 4, 17, 28);
insert into review(content, createDate, starScore, storeId, userId)
values('음료도 서비스로 주시고 정말 재밌게 놀았습니다.', now(), 4, 16, 27);
insert into review(content, createDate, starScore, storeId, userId)
values('가격이 조금 비싼 편인 것 같아요!', now(), 5, 15, 28);
insert into review(content, createDate, starScore, storeId, userId)
values('생각보다 시설이 좋지 않아서 아쉬웠습니다..! 그래도 즐겁게 놀았습니다.', now(), 4, 14, 23);
insert into review(content, createDate, starScore, storeId, userId)
values('사장님도 친절하시고 시설도 너무 좋았어요. 앞으로 자주 들리겠습니다 :)', now(), 4, 13, 20);
insert into review(content, createDate, starScore, storeId, userId)
values('재밌게 놀다갑니다. ~ !', now(), 5, 12, 25);
insert into review(content, createDate, starScore, storeId, userId)
values('사장님도 친절하시고 시설도 너무 좋았어요. 앞으로 자주 들리겠습니다 :)', now(), 4, 11, 26);
insert into review(content, createDate, starScore, storeId, userId)
values('생각보다 시설이 좋지 않아서 아쉬웠습니다..! 그래도 즐겁게 놀았습니다.', now(), 4, 10, 27);
insert into review(content, createDate, starScore, storeId, userId)
values('사장님도 친절하시고 시설도 너무 좋았어요. 앞으로 자주 들리겠습니다 :)', now(), 3, 9, 28);
insert into review(content, createDate, starScore, storeId, userId)
values('음료도 서비스로 주시고 정말 재밌게 놀았습니다.', now(), 3, 8, 21);
insert into review(content, createDate, starScore, storeId, userId)
values('생각보다 시설이 좋지 않아서 아쉬웠습니다..! 그래도 즐겁게 놀았습니다.', now(), 5, 7, 29);
insert into review(content, createDate, starScore, storeId, userId)
values('재밌게 놀다갑니다. ~ !', now(), 4, 6, 29);
insert into review(content, createDate, starScore, storeId, userId)
values('가격이 조금 비싼 편인 것 같아요!', now(), 2, 5, 22);
insert into review(content, createDate, starScore, storeId, userId)
values('재밌게 놀다갑니다. ~ !', now(), 3, 4, 27);
insert into review(content, createDate, starScore, storeId, userId)
values('사장님도 친절하시고 시설도 너무 좋았어요. 앞으로 자주 들리겠습니다 :)', now(), 3, 3, 28);
insert into review(content, createDate, starScore, storeId, userId)
values('가격이 조금 비싼 편인 것 같아요!', now(), 5, 2, 29);
insert into review(content, createDate, starScore, storeId, userId)
values('생각보다 시설이 좋지 않아서 아쉬웠습니다..! 그래도 즐겁게 놀았습니다.', now(), 5, 1, 23);


/*리뷰 댓글 샘플*/
insert into reviewreply(content, createDate, reviewId)
values('고객님 ! ♥ 들러주셔서 감사합니다. 늘 최선을 다하는 맥스 당구장이 되도록 하겠습니다 ! 오늘도 좋은 하루 되세요 :-) ♥', now(), 1);


/*신고 & 신고 댓글*/
/*신고글*/
insert into report(approveStatus, content, createDate, reportType, title,  storeId, userId) 
values('WAITING', '사람들이 안에서 담배펴요;; 비흡연자는 추천드리지 않아요.', now(), 'STORE', '담배 관련하여 신고합니다.', '8', '23');

insert into report(approveStatus, content, createDate, reportType, title, storeId, userId) 
values('WAITING', '시설이 사진보다 좋지 않습니다. 바퀴벌레가 나왔어요.', now(), 'STORE', '관리자는 반드시 읽어주세요.', '20', '24');

insert into report(approveStatus, content, createDate, reportType, title, storeId, userId) 
values('WAITING', '해당 유저 처리 부탁드립니다.', now(),'USER', '계속 결제 완료 후 결제 취소를 반복합니다', '26', '23');

insert into report(approveStatus, content, createDate, reportType, title, storeId, userId) 
values('WAITING', '해당 유저 처리 부탁드립니다.', now(), 'USER','해당 유저 처리 부탁드립니다.', '26', '21');

insert into report(approveStatus, content, createDate, reportType, title, storeId, userId) 
values('WAITING', '신고합니다', now(), 'USER','해당 유저 신고합니다', '36', '25');

insert into report(approveStatus, content, createDate, reportType, title, storeId, userId) 
values('WAITING', '해당 가맹점 신고합니다..', now(), 'STORE','해당 가맹점 신고합니다..', '29', '21');

insert into report(approveStatus, content, createDate, reportType, title,  storeId, userId) 
values('WAITING', '사람들이 안에서 담배펴요;; 비흡연자는 추천드리지 않아요.', now(), 'STORE', '담배 관련하여 신고합니다.', '8', '21');

insert into report(approveStatus, content, createDate, reportType, title, storeId, userId) 
values('WAITING', '시설이 사진보다 좋지 않습니다. 바퀴벌레가 나왔어요.', now(), 'STORE', '관리자는 반드시 읽어주세요.', '20', '24');

insert into report(approveStatus, content, createDate, reportType, title, storeId, userId) 
values('WAITING', '해당 유저 처리 부탁드립니다.', now(),'USER', '계속 결제 완료 후 결제 취소를 반복합니다', '26', '23');

insert into report(approveStatus, content, createDate, reportType, title, storeId, userId) 
values('WAITING', '해당 유저 처리 부탁드립니다.', now(), 'USER','해당 유저 처리 부탁드립니다.', '26', '21');

insert into report(approveStatus, content, createDate, reportType, title, storeId, userId) 
values('WAITING', '신고합니다', now(), 'USER','해당 유저 신고합니다', '36', '25');

insert into report(approveStatus, content, createDate, reportType, title, storeId, userId) 
values('WAITING', '해당 가맹점 신고합니다..', now(), 'STORE','해당 가맹점 신고합니다..', '12', '29');

insert into report(approveStatus, content, createDate, reportType, title,  storeId, userId) 
values('WAITING', '사람들이 안에서 담배펴요;; 비흡연자는 추천드리지 않아요.', now(), 'STORE', '담배 관련하여 신고합니다.', '8', '23');

insert into report(approveStatus, content, createDate, reportType, title, storeId, userId) 
values('COMPLETED', '시설이 사진보다 좋지 않습니다. 바퀴벌레가 나왔어요.', now(), 'STORE', '관리자는 반드시 읽어주세요.', '20', '24');

insert into report(approveStatus, content, createDate, reportType, title, storeId, userId) 
values('COMPLETED', '해당 유저 처리 부탁드립니다.', now(),'USER', '계속 결제 완료 후 결제 취소를 반복합니다', '26', '23');

insert into report(approveStatus, content, createDate, reportType, title, storeId, userId) 
values('COMPLETED', '해당 유저 처리 부탁드립니다.', now(), 'USER','해당 유저 처리 부탁드립니다.', '26', '21');

insert into report(approveStatus, content, createDate, reportType, title, storeId, userId) 
values('COMPLETED', '신고합니다', now(), 'USER','해당 유저 신고합니다', '36', '25');

insert into report(approveStatus, content, createDate, reportType, title, storeId, userId) 
values('COMPLETED', '해당 가맹점 신고합니다..', now(), 'STORE','해당 가맹점 신고합니다..', '12', '29');

/*신고 admin 댓글*/
insert into reportreply(content, createDate, reportId) 
values('이유를 남겨주시면 처리 도와드리겠습니다 ..!', now(), 18);
insert into reportreply(content, createDate, reportId) 
values('처리 도와드리겠습니다 !', now(), 17);
insert into reportreply(content, createDate, reportId) 
values('네 처리도와드리겠습니다!', now(), 16);

